"","stationcode","DS_Tim","DS_Mag_50","DS_Mag_90","SP_ROC","SP_Dur","SP_Mag","SP_Tim","Wet_BFL_Dur","Wet_BFL_Mag_10","Wet_BFL_Mag_50","Wet_Tim","DS_Dur_WS","Q99","FA_Dur","FA_Mag","FA_Tim"
"1","312PS0099",0,-0.000270833,-0.000360583,3.59e-07,0,-0.000395667,0,0,-5.83e-05,-0.000229333,0,0,-0.000333333,NA,NA,NA
"2","312WE1028",-4,-1.04e-05,-7.71e-05,1.93e-07,0,-0.001333333,0,0,0,0,0,0,-4.17e-05,NA,NA,NA
"3","312WE1035",0,-5.21e-05,-7.29e-05,-1.42e-06,0,-0.001625167,0,0,0,-4.17e-05,0,0,-5.62e-05,NA,NA,NA
"4","314CE0200",-1,0.525664165,0.538844668,2.39e-05,-1,5.88675,0,0,0.083750017,-0.4632417,-1,-87,7.824923288,-31,-254.0066391,-59
"5","314SCCNSY",0,-0.00075,-0.0008772,3.27e-07,0,-0.000875166,0,0,-5.42e-05,-2.08e-05,0,0,-6.23e-05,1,-0.002982386,0
"6","314SYC",0,0,0.0427,0.000139832,0,0.86590015,0,0,0,0.253708333,0,0,0.628634585,-10,5.531900677,0
"7","314SYL",-2.5,-1.735583334,0.089170833,3.33e-07,-2,17.40504184,0,0.5,0.001,0.076520817,-0.5,86.5,13.98767166,NA,NA,NA
"8","314SYRASV",-0.5,0.7229375,0.59314167,0.000144347,-4,4.7040418,0,0,0.162852075,-0.302545835,0,-6,7.282802914,0,-1282.012284,-59
"9","314WE0542",-2,0,0.01,-0.029761905,27,0,-29,-25,-0.832,1.5,-4,-6,0,0,0.234103825,0
"10","314WE0677",0,0.001052067,0.00054375,-1.98e-06,0,-0.000541667,0,0,0.000216666,0.001895867,0,0,-0.000155012,NA,NA,NA
"11","314WE0779",0,-0.00029175,-7.08e-05,0,0,-0.00019167,0,0,-7.92e-05,-0.000166665,0,0,-1.5e-05,NA,NA,NA
"12","314WE0796",0,0.000270667,0,0,0,-0.000375,0,0,-0.00105,0,-1,-3,-1.49e-05,NA,NA,NA
"13","314WE1046",-1,0,0,8.34e-07,-1,0.115375,0,0,-1.25e-05,-5.21e-05,0,0.5,0.018471671,NA,NA,NA
"14","315CE0584",0,0,-0.000135425,3.09e-05,0,-0.000458333,0,-2,0,0,0,0,0,NA,NA,NA
"15","315MIU",0,0,0.00140625,-2.13e-06,-1,0.024125,0,-6,-1.311383333,0.003020833,-6,-1,-0.000664583,NA,NA,NA
"16","402BA0079",-5,0.065831665,-0.008568418,7.76e-08,-6,13.622825,0,0.5,0.289007668,0.094478834,-0.5,-3,4.326902324,NA,NA,NA
"17","402BA0095",0,-8.34e-05,-7.08e-05,6.09e-06,0,-0.001708667,0,0,-2.5e-05,0,0,0,1.92e-09,NA,NA,NA
"18","402BA0143",-36,-0.005875,-0.114743144,4.35e-08,-3,32.0381045,0,0,-0.04791825,-0.020145834,-3,-159,18.70504531,0,-207.7936785,-42
"19","402BA0287",0,-0.000427084,-0.000660417,3.02e-07,0,-0.000646,0,0,0.0190416,0.011375167,0,0,-0.000431467,NA,NA,NA
"20","402BA0335",-5,0.578645665,0.70529733,0.00026376,-4,25.998,0,0,0.008287483,0.569896167,-3,-97,8.250127,-5,88.51270352,0
"21","402WE0536",-1,-0.000260416,-0.000402083,-3.95e-07,0,-0.0005417,0,0,-4.17e-05,-4.16e-05,0,0,-0.000901666,NA,NA,NA
"22","402WE0803",0,-0.00034375,-0.000556133,2.44e-07,0,-0.000875,0,0,-0.000141533,-0.000333,0,0,-0.000375,-31,0.155447457,0
"23","403BA0015",0,-1.65e-08,-3.33e-05,-1.08e-06,0,-0.000123331,0,0,-3.3e-08,-4.17e-05,0,0,-6.88e-05,NA,NA,NA
"24","403BA0027",-2,-6.25e-05,-0.000114596,1.92e-06,0,-0.0013125,0,0,0,0,0,0,-0.000416667,NA,NA,NA
"25","403BA0171",-4,-0.004666667,-0.006514583,1.84e-07,0,-0.008833,0,0,0.028098501,0.103833167,0,-1,-0.0027501,2,0.116723158,0
"26","403BA0960",0,0,0,6.4e-06,-72,0,0,1,0,0,-1,-2,0,NA,NA,NA
"27","403CE0188",-0.5,0.071531233,0.103472917,0.000314215,-7,1.8791875,0,0,0.002408334,-0.022729183,-1,-0.5,0.613231652,2,-6.826146349,-7
"28","403PRCSFD",0,0.131833333,-0.010918748,-6.3e-07,0,-0.020083168,0,0,0.048704173,0.029104184,-1,-8,1.438252079,0.5,3.092353697,0
"29","403S00640",-1,-0.0131665,-0.0058835,-1.4e-05,-2,-0.04233333,0,-3,-0.013833333,0.0299585,-4,-1,-0.009166767,-1,1.892271261,-8
"30","403S00831",-9,0.0278229,0.0079603,5.52e-08,0,-0.000729167,0,0,0.000562483,-0.000124967,0,0,-0.000279283,NA,NA,NA
"31","403S00875",0,7.5e-10,1.25e-05,-1.82e-07,0,0.00035167,0,0,0,3e-09,0,0,0.000154266,NA,NA,NA
"32","403S01195",0,-0.01548,-0.024716665,4.94e-07,0,-0.007833,0,0,-0.005575333,0.03052,0,0,0.3911124,0,4.056520717,0
"33","403S01536",-2,0,0.1,-0.029761905,27,0,-29,-25,-0.832,1.5,-4,-2,0,NA,NA,NA
"34","403S01707",0,0.000645834,-0.004837467,4.33e-08,0,-0.014335835,0,0,0.007116567,0.029614583,0,0,0.006053833,NA,NA,NA
"35","403S01728",-42,0.01,0,0.045833333,-43,1.0625,0,41,0,1.6,0,-4,0.4165,NA,NA,NA
"36","403S02363",0,-0.011125,-0.022937497,-6.11e-08,0,-0.00837333,0,0,-0.0080765,-0.01613,0,0,0.54131324,0,5.259642745,0
"37","403S03643",0,0.003565407,-0.017475334,1.66e-07,0,-0.00833667,0,0,0.01115,0.087,0,0,0.373248312,0,5.235058527,0
"38","403S05291",0,-0.011820418,-0.022122917,6.19e-07,0,-0.007042,0,0,-0.012049664,0.02900333,0,0,0.33355955,0,3.56203756,0
"39","403S06139",0,-0.013595,-0.024234749,-2.5e-08,0,-0.00858667,0,0,-0.009710333,-0.01927085,0,0,0.512826324,0,4.377732654,0
"40","403S06315",-3,0.009875001,-0.0047625,-8.43e-07,0,-0.013398335,0,0,0.056800133,0.1001475,0,-1,-0.011375,NA,NA,NA
"41","403S07024",-1,0.119520917,0.030583165,-3.68e-08,-1,-0.1807475,0,0,0.052533334,0.096479167,-1,-1,0.553823167,0.5,7.473349629,-4.5
"42","403S07227",0,-0.01160625,-0.021950002,5.06e-07,0,-0.00796167,0,0,-0.007663664,-0.01553833,0,0,0.493647,0,4.733334571,0
"43","403S16332",0,0.221093917,0.270152088,1.81e-07,0,-0.35112085,0,0,0.067374987,-0.416125,0,-8,1.60580612,0.5,-51.47162714,-30.5
"44","403SPCNWS",0,0.000959997,-0.016337086,2e-06,0,-0.004708333,0,0,-0.0057275,0.045413335,0,0,0.56964,0.5,1.609554323,0
"45","403STC009",0,0.1069375,0.272474494,-5.69e-09,0,-0.36356265,0,0,0.069558347,-0.4508542,0,-9,1.59628676,0.5,-49.07292908,-30.5
"46","403STC019",-31,0,-0.51,0.024085301,-32,83.26608333,0,0,0.03,-0.1,-8,-78,118.9849531,NA,NA,NA
"47","403STC070",0,-0.011135,-0.021779171,-9.06e-08,0,-0.006500333,0,0,-0.011815833,0.05641333,0,0,0.238084988,0,3.439154648,0
"48","403WE0501",0,0,0,0,0,0,0,0,0,0,0,0,0,NA,NA,NA
"49","403WE0534",0,0.117010417,0.0629625,3.54e-07,0,-0.39626585,0,0,0.034129167,0.0700417,-1,-80,0.418680625,1,12.76787924,0
"50","403WE0540",0,-0.003635408,-0.001033322,-2.4e-06,0,-0.00062333,0,0,-0.000500003,-0.00175,0,0,-0.000136667,NA,NA,NA
"51","403WE0558",-9,0.01,0,-0.000781987,-36,0.883333333,40,0,1.15,0.2,0,-5,0.432166667,-2.5,1.202695398,-22.5
"52","403WE0560",0,-0.01097917,-0.022558335,4.71e-07,0,-0.00833333,0,0,-0.00803883,0.007,0,0,0.54350176,0,5.281370371,0
"53","403WE0682",-2,0,0.1,-0.029761905,27,0,-29,-25,-0.832,1.5,-4,-2,0,NA,NA,NA
"54","403WE0683",0,0.00046875,8.25e-09,2.21e-07,0,-0.000354333,0,0,0.0021081,0.0011875,0,0,-0.0003876,NA,NA,NA
"55","403WE0795",-0.5,0.000645834,-0.0001397,2.21e-07,0,-0.000854,0,0,-8.33e-05,0.00116665,0,0,-0.000333333,NA,NA,NA
"56","403WE0809",0,-0.00117725,-0.001377083,-3.47e-06,0,-0.001917,0,0,-0.00035836,-0.000937167,0,0,-0.00051512,0,0.08212688,0
"57","403WE0891",0,2.08e-05,3.33e-05,-5.1e-07,0,0.000710835,0,0,1.32e-08,4.15e-05,0,0,5.32e-05,NA,NA,NA
"58","403WE0905",0,-0.01074125,-0.022345835,-1.01e-06,0,-0.00842,0,0,-0.00979667,-0.02254667,0,0,0.42365,0,4.285665769,0
"59","403WE1027",-2,0,0.1,-0.029761905,-2,0,0,4,0.2,1.5,-4,-9,0,0,0.217519226,0
"60","404BA0084",-53,0,0.097083333,-0.396942963,-59,-0.124045,-2,-1,-1.067325,0.2,-6,-81,0.003348333,NA,NA,NA
"61","404BA0376",-53,0,0.3233,-0.797812008,-58,0.230541667,-9,4,-0.24505,0.2,-12,-62,0.127804167,NA,NA,NA
"62","404BA0526",-53,0,0.363333334,-0.75547407,-59,0.210708333,0,-18,-1.8021625,0.2,-2,-61,0.01576,NA,NA,NA
"63","404BA0616",-2,0,0.1,-0.029761905,27,0,-29,-25,-0.832,1.5,-4,-2,0,NA,NA,NA
"64","404BA0852",-53,0,0.355841667,-0.623253295,-3,0.231041667,-2,-29,-2.044320833,0.2,-8,-61,0.092072917,NA,NA,NA
"65","404BA0964",-53,0,0.3542875,-0.701408451,-56,0.215666667,-2,-9,-2.0697625,0.2,-4,-61,0.046497917,NA,NA,NA
"66","404BA1144",-53,0.000283334,0.3755125,-0.770003174,-57,0.40870833,-2,-6,-2.069833334,-0.124125,-8,-62,0.079101667,NA,NA,NA
"67","404CE0316",-88,0.401127084,1.16664375,1.25e-06,-50,644.6209332,43.5,93.5,-0.000941667,-39.431425,-56,-50.5,840.5696388,-1.5,832.4031917,-35
"68","404S00808",-50,0,0.086429167,-0.284038721,-82,18.83879167,21,50,-2.76,-0.698916667,-77,-39,26.46414583,NA,NA,NA
"69","404S01128",-52,0,0.211666667,-0.627586195,-80,2.28925,-2,25,-2.045658333,-0.7,-10,-111,12.34711875,NA,NA,NA
"70","404S02920",-3,0,0.369,-0.469795425,-16,-1.921041667,25.5,36.5,-2.248916967,-0.150666667,-38,-13,0.99865,NA,NA,NA
"71","404S03048",-1,0,0.227466667,-0.639421732,-57,0.20475,-1,13,-2.07,0.2,-33,-75,0.318761667,NA,NA,NA
"72","404S06456",-53,0,0.40325,-0.34740626,-74,0.382833333,-2,-6,-0.027,-0.693,-36,-83,1.508665,NA,NA,NA
"73","404S08040",-26,0,-0.34,-0.254685933,-19,3.252083333,21,33.5,-2.058533333,-0.7,-20.5,-17.5,14.5443,NA,NA,NA
"74","404S08616",-93,0.06,-0.4,0.121399896,-55,15.13683333,-45,21,0.03,-0.1,-10,18,16.55860167,NA,NA,NA
"75","404S08846",-8,0,0.364341666,-0.276191377,-60,-3.087458333,-2,28,-1.9467875,-0.444666667,-33,-82,1.643105,NA,NA,NA
"76","404S11880",-14,0,0.33925002,-0.034058569,-60,5.1200083,-2,33.5,-1.942291667,-1.769375,-13,-31,9.484143332,NA,NA,NA
"77","404S13416",-71,0,0.346916667,-0.590161061,-26,2.422875,9,29,-3.030929167,-0.7,-12,-77,14.00551667,NA,NA,NA
"78","404S14952",-66,0,0.2737125,-0.406060606,-21,0.267416667,-8,24,-1.774375,0.185958333,-38,-81,4.625938333,NA,NA,NA
"79","404S16516",-33,0.048458333,0.369345832,2.44e-06,-31,18.35396,32,45,0.057279167,0.023645833,-20,-21,32.23868333,7,15.27580761,-19.5
"80","404S17266",-43,0,0.212495834,-0.629456001,-21,1.514041667,-2,0,-2.012625,-0.7,-10,-81,11.89824167,NA,NA,NA
"81","404S17664",-64,0,0.202191667,-0.567470168,-74,0.582125,-2,26,-0.926533333,-0.58629,-43,-88,3.396354532,NA,NA,NA
"82","404S22464",-71,0,0.354129166,-0.450244198,-9,0.514375,-1,24,-2.7599375,-0.7,-53,-11.5,10.24627667,NA,NA,NA
"83","404S25668",-71,0,0.352575,-0.458840527,-18,0.638791667,-1,23,-2.028033333,-0.7,-47,-81,10.15873,NA,NA,NA
"84","404S26868",-67,0.000441667,0.2430625,-0.590855754,-76,1.468541667,0,27,0.02,-5.3548125,-56,-23,9.67999833,NA,NA,NA
"85","404S28068",-61,0,0.201791667,-0.397758412,-19,0.269875,-8,28,-1.181641667,-0.154083334,-43,-81,4.120416667,NA,NA,NA
"86","404S28270",-4,0.011510417,0.008220833,6e-06,-34.5,2.95608333,35.5,76.5,0,0.000627083,-30.5,-59.5,26.82958879,7,14.05266001,-19
"87","404S32468",-72,0,-0.034516667,-0.407691803,-22,36.2636667,21,42.5,-2.737991667,-0.649666667,-33.5,-46.5,64.76121,NA,NA,NA
"88","404S34120",-7.5,-0.001,0.005258307,1.03e-05,-50,2.290520834,39.5,79.5,0,0,-37,-41,4.802558213,-5,-1.731800971,-27
"89","404S35270",0,0,0.284208334,-0.336843456,-77,0.518666667,-1,25.5,-2.7599375,-0.078958334,-13,-21,8.41879167,NA,NA,NA
"90","404S45622",-53,0,0.382875,-0.342611105,-56,0.363875,-1,-6,-3.437312501,-0.4866875,-4,-104,1.559548333,NA,NA,NA
"91","405CE0280",0,-0.000729334,-0.000525007,0,0,-0.00025,0,0,0,3.11e-05,0,0,-0.000297511,NA,NA,NA
"92","405PS0030",0,0.007250033,0.00104164,-7.97e-07,0,-0.0095185,0,0,0,0.0004375,0,0,-0.000833137,NA,NA,NA
"93","405WE0777",2,0.01,0,0.011171189,0.5,0.043748334,0,2.5,0.00875,0,0,-6,0.037770834,-1,0.176802229,0
"94","407CE0092",-16,-0.202,-0.1,-0.260172772,-38,0.109833333,64,4,-0.1,0,-32,-46,0.0529125,NA,NA,NA
"95","407CE0668",-16,-0.202,-0.1,-0.260172772,-38,0.109833333,64,4,-0.1,0,-32,-46,0.0529125,NA,NA,NA
"96","408BA0660",-123.5,-0.1096875,0.026367,-3.21e-05,-79,100.0962913,-133,-10,-0.494441334,-0.496208333,-157,166,207.8450729,NA,NA,NA
"97","408BA0836",-110.5,-0.2711665,-0.215308333,-2.26e-05,-52.5,128.741625,-137,-29,-0.387408134,-0.55525,28,161.5,230.5497117,NA,NA,NA
"98","408BA0916",-123.5,-0.208104334,-0.221645833,-2.71e-05,-57.5,222.579125,-132,-27,-0.397999667,-0.574771167,3,166,155.4699034,NA,NA,NA
"99","408CAL012",-177,-0.022875,-0.042912497,-1.67e-06,0,37.2253833,-1,19,-0.03345,-0.020854184,-9,57,28.6000533,NA,NA,NA
"100","408PS0032",-123,-0.2850625,-0.116529167,-3.48e-05,-80,312.4383767,-135,-11.5,-0.864128833,-0.92441833,23,162.5,375.0412211,NA,NA,NA
"101","408WE0547",-95,-0.196625,-0.1238333,7.18e-05,-212,0,43,125,-0.0015,-5e-04,-82,NA,0,NA,NA,NA
"102","408WE0654",-51,0.006333334,0.01415,-4.73e-07,-104.5,17.32612483,-8.5,13,0,0,-21.5,NA,0.1034225,NA,NA,NA
"103","408WE1039",-39,0.099,0,-1.86e-05,-40,0,-1,-1,0,1.491,0,38,0,1,0.043772321,2
"104","410CE0284",29.5,-0.306958317,-0.454843762,-0.002193041,-3,47.35266667,19,62,-0.31061253,-0.373937517,-84,-95,52.22989168,NA,NA,NA
"105","412CE0104",11.5,-17.63474,-25.973977,-4.28e-07,10,983.108125,-3,15,-12.73710633,-27.70195833,-94,-4.5,1206.379647,0,-2271.461666,-9
"106","412CE0616",-194,-7.843979165,-12.34205058,-5.06e-07,-54,525.21625,0,41,-5.208848999,-12.3069975,-7,-20,771.8364666,0,3555.413664,-1
"107","412CE0732",-185,-7.74019625,-13.03150658,1.1e-07,-20,975.6306663,-1,12,-5.966533332,-7.835505,-88,-207,834.8050782,0,-938.4750659,-26
"108","412WE0552",-2,0.01,0,0.008368774,-43,0.7125,0,-10,0.12,0,0,-34,0.068416672,-6,0.330990116,0
"109","412WE0563",-8,0,-6.66e-08,0,-10,0,0,-2,0,0,0,-1,0,NA,NA,NA
"110","481S05856",0,0,0,1.59e-05,0,-0.047000003,0,0,-0.01075,-0.007437833,0,NA,-0.000402117,NA,NA,NA
"111","722ABSPPC",0,0.001354166,0.00029166,4.11e-06,0,-0.000541667,0,0,0,0,0,NA,0.001351667,NA,NA,NA
"112","722PS0535",0,0.000854167,0.00153125,0,NA,0,NA,NA,-0.000500166,0,0,0,0,NA,NA,NA
"113","722PS0611",0,0.014458175,7.08e-05,2.57e-07,0,-0.031,0,3,0.003,0.006375,-3,0,-0.003053355,NA,NA,NA
"114","801CE0152",-2,-0.005520825,-0.003268755,-1.39e-05,-3,0.051979167,-1,-1,-0.00585,0.018125,0,-4,0.02854375,NA,NA,NA
"115","801LYC271",0,0.005749999,-9.38e-05,4.64e-07,0,-0.05891917,0,2,0.00075,0.005437517,-2,0.5,-0.001541657,NA,NA,NA
"116","801MIC042",-97,-0.654010583,-0.450560617,-8.17e-05,-120,86.99510417,-27,-5.5,-0.6994436,-0.841719,27,150.5,141.8466912,NA,NA,NA
"117","801RB8501",0,0.001666667,0.0195625,8.6e-07,-50,0,0,-2,0,0,1,2,0.006523958,NA,NA,NA
"118","801S08727",12,0.1,0.1,-0.02,12,0,0,-1,0,0,1,1,0,NA,NA,NA
"119","801WE0550",0,-0.03893833,-0.04796,5.26e-07,0,-0.04008,0,0,-0.048000167,-0.04766667,0,0,0.347128676,-16,1.343068342,0
"120","801WE0669",-57,0,0.0418875,-0.015229684,-61,29.9225,0,16,-0.23,-9.5090417,-88,-27,34.53513499,NA,NA,NA
"121","801WE0674",-7,0,-0.000570866,-1.23e-05,-4,0,0,-2,0,0,-1,-4,0,NA,NA,NA
"122","801WE0989",-29,-0.035,-2.1,0.085268224,-40,700.3489583,0,17.5,-0.5,-2.1,-19.5,1.5,1232.210264,NA,NA,NA
"123","801WE1008",12,0.1,0.1,-0.02,12,0,0,-2,0,0,2,2,0,NA,NA,NA
"124","801WE1013",-1,-0.01,-0.010716533,6.15e-06,-1,-0.020125,0,-5,-0.003866667,-0.004374667,0,-1,0.010421167,NA,NA,NA
"125","801WE1020",0,0,0,-1.14e-08,0,-4.33e-05,0,0,0,0,0,0,0,NA,NA,NA
"126","801WE1032",69,0.002316667,3.863271167,0.106293693,69,2484.033541,-1,7,0.369025,195.5097,-7,-117,531.373172,NA,NA,NA
"127","801WE1043",-1,-0.013854167,-0.0132833,0.000476911,0,-0.011,-1,-5,-0.011479233,-0.009479167,-5,-5,-0.001,-1,5.410422919,-1
"128","801WE1127",-8,-0.00998925,-0.017370933,2.88e-05,-2,0.263270837,-0.5,-3,-0.000975,-0.001,-6,-4,0.026267,0,0.460383734,-1
"129","801WE1132",-47,0,0,-0.000227264,-47,0.001625,0,0,0,0,0,-2,0.001065,NA,NA,NA
"130","802SJR116",-19.5,-0.028208334,-0.03509587,9.75e-08,-38,219.6307092,0,2,-0.218583332,-0.281708335,-23,124,68.2881251,NA,NA,NA
"131","802WE0539",0,-0.000375166,-0.001512433,2.14e-06,0,-0.003,0,-2,-0.001741667,-0.002417,-1,-1,-0.00291,0,0.110410467,0
"132","802WE0658",-1,-0.000666666,-0.0016,-8.32e-07,-1,-0.005666333,0,-2,-0.0019918,-0.006666667,-1,-1,0.00984742,2,0.50330726,0
"133","802WE0794",0,1.67e-07,0,0,0,0,0,-1,-3.33e-07,-3.33e-07,0,0,0,NA,NA,NA
"134","901ATCDOS",-17,0.007,0.0886,6.33e-05,-60,-1.27245667,75,93,-9e-04,9e-04,-7,-75,101.2996384,NA,NA,NA
"135","901DCCSMC",-30,0.05050025,0.025783333,-3.35e-07,0,-0.004958667,-1,-1,0.068683333,0.039770867,0,5,-0.004891666,NA,NA,NA
"136","901S00313",-2,0,0.01,-0.029761905,26,0,-29,-25,-0.832,1.5,-4,-9,0,0,0.22561923,0
"137","901S00997",5,0.0015,0,3.82e-05,-59,2.78475,73,112.5,0,-0.784292,-25.5,-39,17.15970004,NA,NA,NA
"138","901S01705",0,-2.08e-05,-3.33e-05,1.06e-06,0,-5e-04,0,0,-2.08e-05,0,0,0,-4.17e-05,NA,NA,NA
"139","901S01811",-38,0.019458333,0.0159,4.43e-06,-32,31.50525,34,70,-1.193574667,-1.490645833,-25,-64,77.01663333,2,9.915126755,-47
"140","901S01849",-2,0,0.1,-0.029761905,27,0,-29,-25,-0.832,1.5,-4,-2,0,NA,NA,NA
"141","901S04409",-2,0,0.01,-0.029761905,27,0,-29,-25,-0.832,1.5,-4,-9,0,0,0.201759182,-0.5
"142","901S06851",20,0.010208334,0.012108333,1.54e-05,-34,20.27249833,44,108,0,-0.735458167,-53,-78.5,56.77216521,NA,NA,NA
"143","901S06969",-2,0,0.1,-0.029761905,27,0,-29,-25,-0.832,1.5,-4,-2,0,NA,NA,NA
"144","902S01097",-6,-0.002062517,-0.003349967,3.12e-07,-72,2.854562332,0,0,-0.251333334,-0.022604167,-14,0,0.84526249,NA,NA,NA
"145","903M20235",0,-0.045766307,0.022950543,-2.06e-05,-1,-0.063519165,0,0.5,-0.203955065,-0.10207955,-1,-1,-0.028175563,NA,NA,NA
"146","903WE0798",0,-0.000375,-0.000670829,3.73e-06,0,-0.001062333,0,0,0.006166683,-0.001208167,0,0,-0.001276333,NA,NA,NA
"147","903WE0900",0,-0.001375,-0.001520834,4.67e-06,0,0.01439583,0,0,0.003116667,-0.004375333,0,0,0.011669069,0,-0.105534481,0
"148","905CE0512",-2,0,0.1,-0.029761905,27,0,-29,-25,-0.832,1.5,-4,-2,0,NA,NA,NA
"149","905M21756",-12,0.003489905,0.038126672,4.63e-09,-25,-1.1807543,0,3.5,0.011743879,0.061360856,-3.5,NA,20.88839688,NA,NA,NA
"150","905S02561",-2,0.003062467,0.01,-0.029761905,-2,0,0,4,0.198166933,1.499,-4,-10,0,0,0.219910332,0
"151","905WE0679",-2,0,0.01,-0.029761905,-2,0,0,0,0.2,1.5,-4,-9,0,-1,0.222579247,-3
"152","905WE1018",-2,0,0.01,-0.029761905,-2,0,0,4,0.2,1.5,-4,-9,0,0,0.197410128,-0.5
"153","907M23330",0,6.86e-19,7.83e-19,1.24e-05,0,0.14457388,0,0,9.47e-17,1.05e-18,0,NA,-1.75e-19,NA,NA,NA
"154","907M23331",-23,-0.038952536,-0.067383758,-1.56e-05,-23,9.716527093,0,83,-0.127580646,-0.086517934,-83,NA,26.47998202,NA,NA,NA
"155","907M23362",NA,3.28e-15,2.3e-15,-5.68e-05,NA,NA,NA,NA,5.27e-19,7.75e-19,NA,NA,-1.81e-17,NA,NA,NA
"156","907M23367",-158,-0.126868129,-0.156358007,-6.27e-07,0,-0.158348355,-1,-109,-0.877825079,-1.29227408,-116,42,-0.071920876,NA,NA,NA
"157","907S00577",-1,0,0.01,-0.000620495,-1,0,-1,5,-2e-10,0,-28,-36,0,NA,NA,NA
"158","907S01418",0,-0.002146,-0.0014997,-2.73e-07,0,-0.002291667,0,1,-0.000289417,-5.21e-05,-4,0,-0.000937511,NA,NA,NA
"159","907S01434",-2,0,0.1,-0.029761905,-2,0,0,4,0.2,1.5,-4,-2,0,0,0.223784752,0
"160","907S01610",0,-0.008781083,-0.010499883,3.5e-06,0,-0.007999667,0,0,-0.0061998,-0.0173545,-1,-1,-0.002333233,NA,NA,NA
"161","907S03786",-2,0,0.01,-0.029761905,-2,0,0,4,0.2,1.5,-4,-2,0,-1,0.208569335,0
"162","907SDSDR9",-47,0,0.5791,-0.222013811,-24,76.53179167,35,-6,-2.069875,-0.6301875,-30,-49.5,175.6653041,NA,NA,NA
"163","909M24925",-1,1.79e-07,2.6e-06,-1.82e-05,-1,-0.2143917,0,2.5,1.86e-06,6.82e-12,-2.5,-3,0.773472787,NA,NA,NA
"164","909M24937",0,6.75e-23,2.08e-22,0.00010749,-18,0.458002095,-0.5,22,1.9e-06,-0.970403575,-22.5,NA,0.569012458,NA,NA,NA
"165","909SSWR03",0,-0.093062317,-0.029479173,-5.1e-06,0,-0.018793499,0,1,0.040487633,-0.0816045,-1,-2,-0.007458213,NA,NA,NA
"166","909WE0662",0,-0.039124993,-0.011089592,7.43e-07,0,-0.02737167,0,0.5,-0.00115833,-0.040875,-0.5,-1,-0.0010983,NA,NA,NA
"167","909WE0780",-1,0,0,1.02e-06,-1,0.2296666,0,2,0,-0.005208333,-2,NA,-0.000153541,NA,NA,NA
"168","909WE1014",2,0,-0.23,-0.013048279,-52,0.2,-1,-1,-2.07,0,-54,-22,3.48035,NA,NA,NA
"169","911M24934",NA,7.05e-15,2.81e-14,1.4e-05,NA,NA,NA,NA,2.5e-13,7.18e-13,NA,NA,-3.2e-20,NA,NA,NA
"170","911M24949",NA,3e-07,2e-07,-1.54e-05,NA,NA,NA,NA,-3.87e-09,2e-09,NA,NA,0,NA,NA,NA
"171","911S00538",-5,-0.118146665,-0.097049582,2.94e-05,-0.5,0.64921167,-0.5,0.5,-0.090641666,0.21498,-1.5,0,0.7096712,0,16.59923266,-4
"172","911S01142",-41,0,0.000266667,-3.51e-07,-38,0.474373331,-3,-0.5,0,-0.003833333,-2,-0.5,0.054658333,NA,NA,NA
"173","911S01818",-15,-0.02,-0.62,-0.035714286,-24,0,0,3,-0.62,0,-26,-22,0,NA,NA,NA
"174","911S02058",-2,-0.071049165,-0.033064701,6.44e-05,-2,0.26879333,-1,1,-0.994509334,-0.67391,-13,-11,0.96116393,NA,NA,NA
"175","911S04086",-1,0,-0.006378099,-1.29e-05,0,-0.006333,-1,0.5,0.000477083,0.000270833,-6,-19,-0.0003875,NA,NA,NA
"176","LALT501",-25,3.0816875,13.01441833,1.68e-06,-57,99.0440837,39,67,-0.040499997,-1.6453,-19,-25.5,1415.849292,-1,976.7279344,-27
"177","SGLT506",-143,-3.292041667,-4.498613334,-7.03e-07,-3,388.7689162,0,47,-4.497995502,-11.20563542,-18,-9.5,368.7030207,-0.5,180.3222502,-43.5
"178","SGUR010",0,0.006052233,-0.020546334,-1.91e-06,0,0.430125,0,0,0.040779017,0.000833334,0,0,-0.000276677,0,6.751790222,0
"179","SGUR103",0,0,6.67e-05,-2.68e-06,0,-0.02941333,0,-6,0,0,-1,-1,0.02213653,1,-0.132340604,0
"180","SGUT501",0,0,0,0,-1,0,0,-0.5,0,0,0.5,-6,-1.48e-05,NA,NA,NA
"181","SGUT502",0,-0.006666667,-0.007491333,1.99e-06,0,-0.001083667,0,0,0.03649145,0.023281333,0,0,-0.003062227,NA,NA,NA
"182","SGUT503",0,0.001583333,0,4.45e-07,0,-0.009666667,0,-2,-0.001464587,0,2,0,-0.000720006,NA,NA,NA
"183","SGUT504",1,0.0968125,-0.003,-2.01e-05,-12,0.251416667,-2,-5,-0.002083333,0.498,-2,-12,0.281543333,2.5,0.298535582,-2.5
"184","SGUT505",0,0.06700333,0.009108666,1.18e-08,0,-0.04224833,0,0,-0.061106167,0.025458342,0,0,-0.025826501,NA,NA,NA
"185","SMC00080",-3,0,0,-1.23e-07,-13,0,0,-2,0,0,0,-1,0,NA,NA,NA
"186","SMC00105",-9,5e-04,0.0011375,9.66e-05,-9,0.0369167,0,-6,0,0.00046875,6,NA,0.007759167,NA,NA,NA
"187","SMC00198",-15,0,0,-7.38e-07,0.5,77.2693967,21,74,-0.021583333,-0.038958333,-29,-12,35.07957499,1,21.7956596,-9
"188","SMC00271",0,-0.000124834,-0.0002083,2.03e-06,0,-0.000208,0,0,-8.33e-05,-0.000125,0,0,-0.000250213,1,-0.001608121,0
"189","SMC00282",0,-0.065479167,-0.0204021,2.58e-06,-1,-0.0115,0,0.5,0.0220833,-0.03564585,-0.5,-0.5,-0.003098213,NA,NA,NA
"190","SMC00288",0,0,-0.01390625,7.87e-05,-52,0.137770817,43,44,0,0.000595834,-11.5,-33.5,1.288499886,NA,NA,NA
"191","SMC00318",-32.5,-6.544010834,-14.09206817,1.25e-07,-12,1547.365875,0,44,-3.44274166,-5.53335333,-11,-18,1634.326084,NA,NA,NA
"192","SMC00382",-34,0.000291667,0.00325,0.000109929,-67,2.909708333,38,-10,0,-0.033875,-20,-7.5,4.5482467,NA,NA,NA
"193","SMC00428",1,0.01,0,-0.384947326,-2,0.54375,-14,3.5,0.56083667,0,0,-3,0.158229166,-4,-0.966505691,-44
"194","SMC00436",-1.5,-3.56729875,-0.120783233,-3.45e-08,15,947.453708,0,18,-3.186641663,-2.89841833,-10,-20,715.3801298,0,-13.51491879,-26
"195","SMC00464",-2,0,0,-1.27e-06,-0.5,-8.37e-05,0,-6,0,0,0,-1,-0.000131667,NA,NA,NA
"196","SMC00476",0,0,0,1.07e-06,-11,0,0,0,-0.0409793,0,-1,-18,0,NA,NA,NA
"197","SMC00479",-32.5,0.00103125,0.001339583,2.39e-05,-70,3.122166834,40,56,0,-0.010979158,-24,-5.5,4.92323238,NA,NA,NA
"198","SMC00480",0,-4.17e-05,-0.000291667,-1.04e-05,0,-0.000687167,0,0,0.018418867,0.008114492,0,0,-0.000108125,NA,NA,NA
"199","SMC00520",-1,-0.03333,-0.031315,6.95e-07,0,-0.07841666,0,0,-0.03951625,-0.07217625,-2,-1,-0.05554347,0,4.976678294,-1
"200","SMC00544",0,0.000104167,-7.71e-05,1.34e-07,-1,-0.000416833,0,0,0,0.00234375,-1,0,-0.0003325,-11,-0.107671763,-2
"201","SMC00608",-88,0.10121875,0.3691791,1.13e-06,-22,20.8252917,0,10,-0.664187167,-1.48777075,-5,3,47.64072251,0,36.18048614,-1
"202","SMC00632",-12.5,0.003875,0.0225625,3.65e-06,-28,1.692708167,14.5,43.5,0,-0.04242725,-10.5,-6,2.815534013,7.5,0.135556379,-20.5
"203","SMC00684",-22.5,0,0,1.29e-05,-65.5,15.70664334,43,63,-0.146925005,-0.564625,-24,-19,49.05432277,-10,30.72840851,-45
"204","SMC00710",9.5,0,0.947225003,0.000198058,-38.5,139.7054792,69.5,135.5,0,0.037372917,-51,-140,78.70492001,1,104.6885537,-7
"205","SMC00748",-15.5,0.032333334,0.000753334,3.56e-06,-49.5,30.60250083,29,50.5,-0.642013698,-1.879655418,-20.5,-18,104.5622707,-17,-36.2201209,-43.5
"206","SMC00827",0,-0.011217503,-0.021222916,9.78e-07,0,-0.00762667,0,0,-0.00738067,-0.01279333,0,0,0.49146988,0,4.606258713,0
"207","SMC00873",-6,0.013854165,0.026304166,1.1e-05,-37,11.67716667,35,76.5,-0.129412533,-0.7885625,-14,-197,22.67477483,NA,NA,NA
"208","SMC00899",-96,-0.118291667,-0.068,9.39e-05,-91,20.72164584,49.5,116,-0.090756257,-0.14965625,10,130,25.11083542,NA,NA,NA
"209","SMC00911",0,0.012478917,-0.001639767,-5.32e-06,0,-0.0061665,0,0,0.008654183,0.013614592,0,0,-0.005579667,0,0.508079221,0
"210","SMC00924",1.5,0.01,0,-0.137336036,-30.5,0.377083316,18.5,-104,0.002083333,0.2,-4,-6,0.041333333,-3.5,0.301632539,0
"211","SMC00957",27,-0.014354165,-0.026437499,2.24e-06,0,68.88725,0,60,-0.0237625,-0.0065,-38,42.5,20.97177813,NA,NA,NA
"212","SMC00958",-33,0.000708334,0.05165,2.53e-05,-54,29.36754167,39,79.5,0,-0.297104134,-45,-51.5,36.60494333,NA,NA,NA
"213","SMC01040",0,-0.00374833,-0.014242,6.53e-07,-1,-0.1957,0,-3,-0.010533334,-0.007833333,-1,-1,-0.022879766,-0.5,-0.211265336,-1
"214","SMC01046",-5,-0.061104166,0.56885,-3e-06,-8.5,14.01471,8.5,12,2.197,0.787,-27,-26,31.32859375,-1,0.591503254,-4
"215","SMC01096",-1,-0.037541665,-0.057187002,2.09e-06,-1,-0.068,0,0,-0.033010418,0.01298,-1,-1,-0.054307834,0,5.754934999,-1
"216","SMC01155",-1,0.016479184,0.012760835,2.72e-06,-1,-0.04254167,0,0,0,-0.001916667,-3,-3,-0.041837499,0,0.009360009,-1
"217","SMC01161",-64,0.016916667,-0.002287497,4.61e-08,-47,4.0105417,0,-1,-0.007529173,0.000291667,-16,-17,1.075897884,NA,NA,NA
"218","SMC01172",-2,0,0.3478125,-0.287401557,-62,0.2,0,-22,-0.253533333,0.2,-2,-61,0.001375,NA,NA,NA
"219","SMC01196",-1,0,0,2.36e-06,-1,-0.017187333,0,0,-0.000604167,0.000427067,-1,NA,-0.000240625,NA,NA,NA
"220","SMC01215",-4,4.262572083,3.149674985,0.000381389,-4,238.48471,0,0,0.174829,-0.585250334,-5,-1.5,206.6701851,2,478.4724168,0
"221","SMC01248",0,-0.00014585,1.33e-07,-3.91e-06,-2,-0.001875,0,0.5,0.032695733,0.02915625,0,0,-0.001375,NA,NA,NA
"222","SMC01257",-13.5,0.004833334,0.01745,1.65e-06,-63,15.89920833,45.5,67,0,-0.2015835,-145,-7,21.56162211,NA,NA,NA
"223","SMC01260",-142,-3.0785675,-4.431225668,-1.66e-08,-2,360.8020629,-3,44,-4.230053918,-12.56975083,-15,-9,358.8896307,-0.5,89.47891924,-43.5
"224","SMC01320",0,-0.024416667,-0.033105835,3.5e-06,-1,-0.06654,0,0,-0.013564167,-0.001091253,-1,-3,-0.051854525,1,2.719998153,0
"225","SMC01341",49.5,0,2.359470834,-0.261860884,49.5,-870.4609185,0,3,0,185.0689813,-6,-4,631.3892138,-7,-4003.996641,-11
"226","SMC01358",-32,0,0.000604167,7.96e-05,-98,4.320208333,45,95,0,0,-47.5,-15,7.426447582,NA,NA,NA
"227","SMC01372",-149,0.05,-0.33,0.067751562,-61,102.263625,-15,12.5,-0.37,0.1,-16.5,18,134.8231967,NA,NA,NA
"228","SMC01413",0,0,0,0,0,-0.000125,0,0,0,0,0,NA,0,NA,NA,NA
"229","SMC01424",0,-0.005854192,-0.000504157,-2.44e-05,0,-0.001791667,-2,0.5,0.1035542,0.045125167,0,0,-0.001762384,NA,NA,NA
"230","SMC01452",-35,0,-0.00655,0.000263005,-77,1.419875,39,97.5,-0.0164,-0.003,-37,NA,3.785331272,NA,NA,NA
"231","SMC01454",-12,-0.004708334,0,6.39e-06,-59,10.90433333,43,59,0,1.25e-05,-60,-2,19.694577,-11,18.60190656,-44.5
"232","SMC01504",0,0,8.31e-08,-1.52e-08,0,0,0,0,-1.67e-07,0,0,0,0,NA,NA,NA
"233","SMC01544",0,-0.024625,-0.03303917,8.98e-06,0,-0.06266917,0,0,0.015955832,-0.019853331,0,-4,-0.052545152,1,2.748514254,0
"234","SMC01550",-2,0,0.358666667,-0.532912766,-62,0.239666667,-2,-18,-2.0611125,0.2,-3,-62,0.018877083,NA,NA,NA
"235","SMC01567",0,-0.000447916,-0.000647745,1.25e-07,0,-0.001083331,0,0,0.0083291,0.006041666,0,0,-0.000584324,NA,NA,NA
"236","SMC01606",-168.5,0.00095,0.00203125,2.73e-06,-8.5,34.88506234,40.5,67.5,-0.006939583,-0.0045,-5,152.5,7.184626701,1,50.50759667,-8
"237","SMC01656",-20,0.012791668,0.053062513,1.18e-06,-90,3.158687498,-4,36.5,-0.071220834,-0.091395833,-16,-56,6.942123121,-3.5,0.775485063,-33
"238","SMC01662",-33,0.00666667,0.053258367,2.14e-06,-78,34.1295,36,63,0,-1.2813125,-23,-19,48.52599312,-19,5.082937728,-30
"239","SMC01692",0,0,0,-2.49e-05,0,2.8992917,0,1,0,0,-12,NA,2.179871676,NA,NA,NA
"240","SMC01694",-66,0,0.217433,0.011235803,-12,1.385625,-3,20,-2.76,-0.31570833,-58,-28,10.23358833,NA,NA,NA
"241","SMC01726",-185,-1.504510417,-2.358856417,-1.26e-06,-0.5,197.9569167,-1,37.5,-1.158020833,-2.563937333,-14.5,-24,243.4110767,-19,-602.7956552,-39
"242","SMC01748",-7.5,0.192354165,1.675641667,2.47e-07,-34.5,111.2896892,19.5,36,0.004954167,13.99527084,-12.5,4,110.7013015,-1.5,80.2094246,-38
"243","SMC01772",-15,0.002916667,0,6.11e-05,-46,1.073166633,33,64.5,0,-0.085083333,-26,-7,2.531108216,NA,NA,NA
"244","SMC01808",0,-0.0003125,-7.47e-05,3.3e-06,-1,-2.07e-05,0,0,0.001837266,0.000645667,0,0,-0.000243729,NA,NA,NA
"245","SMC01860",-123.5,-0.223770667,-0.231658667,-3.09e-05,-51,243.754875,-136,-29,-0.418999733,-0.598854,19,163,171.9164552,NA,NA,NA
"246","SMC01912",-37,0,0.00221875,1.31e-05,-81,-0.119166667,53,72,0,-0.014833332,-66,56,2.856102901,NA,NA,NA
"247","SMC01934",-1.5,0.2432125,1.872379167,1.71e-06,-52.5,-21.75649417,59,80,0.554395834,0.072208333,-7,-10,111.447675,NA,NA,NA
"248","SMC01960",-26,0.069958333,0.567358333,1.29e-06,-45,15.264995,30,43,-9e-04,0.004458334,-5,-65,47.32448501,NA,NA,NA
"249","SMC01987",-27,0,0,2.93e-05,-28,16.65291683,39.5,133.5,0,-11.30191667,-80,-60,46.64949676,1,2.414653705,-28
"250","SMC01990",18.5,-2.500062333,-0.023552083,3.62e-06,-5.5,36.03456267,45.5,95,-0.014295834,-0.013,-39,63,11.723845,NA,NA,NA
"251","SMC02028",-8,0.086833333,0.4807664,3.85e-06,-14,41.29675167,0,25,-0.000466667,0.056958333,-20,-4,35.68812169,0,-0.538016788,-59
"252","SMC02075",-2,0.007250009,0.002564575,2.66e-07,0,-0.001375,0,0,0.001,0,0,0,-0.000291566,NA,NA,NA
"253","SMC02088",-44,0.01,0,-0.049215686,-12,4.708333333,-15,-24,0.92,0,1,-1,0.570166712,1,9.394462447,3
"254","SMC02092",0,0.001604167,0.001958331,1.87e-07,-1,-0.004812334,0,0,-0.008254166,0,0,NA,0,NA,NA,NA
"255","SMC02139",-2,0.004114584,0.001158325,1.84e-06,0,-0.000625,0,0.5,0.0006875,-0.197937505,-0.5,-0.5,-0.000137384,NA,NA,NA
"256","SMC02152",14,0,0.09,-0.418782611,-81,48.94920833,21,39,-2.760533334,-0.611833334,-34,-45,78.02787291,NA,NA,NA
"257","SMC02206",-9,0,0,0.000120799,-35.5,10.2716685,34.5,82,0,-0.345416667,-33,-56,12.91219188,-19,6.992851404,-61
"258","SMC02228",11.5,-17.55751125,-25.9148315,-4.82e-07,10,987.721333,-3,15,-12.847454,-27.6063333,-94,-4.5,1208.445537,0,-2294.036602,-9
"259","SMC02270",18.5,0,0.000275,0.000191077,-30.5,0.363000002,40.5,21,0,0.0129375,22,48.5,0.759578333,NA,NA,NA
"260","SMC02302",15,-9.38e-05,0.046225,6.54e-05,-43,62.66225167,43,60,0,-0.2596875,-90,-30,57.19144582,NA,NA,NA
"261","SMC02436",-110.5,-0.3245,-0.021195168,-3.09e-05,-85,117.374333,-129,-45,-0.5915,-0.661625333,-152,164,244.9606793,NA,NA,NA
"262","SMC02536",-12,0,-0.257791667,-0.012506619,-65,2.0565,-1,26,-2.76,-0.7,-53,-10,6.554638331,NA,NA,NA
"263","SMC02568",-1.5,0,-0.13015,-0.029761905,0.5,0,0,4,0.2,1.5,-4,-9,0,NA,NA,NA
"264","SMC02591",0,-0.00025,-6.25e-05,-5.13e-07,0,-0.00158333,0,0,-2.5e-05,-8.32e-05,0,0,-0.000237283,NA,NA,NA
"265","SMC02712",-1,0,0,-6.02e-06,-46,0,0,-2,0,0,0,-1,0,NA,NA,NA
"266","SMC02884",-124,-0.228437334,-0.239608467,-2.76e-05,-50.5,250.5294167,-136,-28.5,-0.4323998,-0.617666667,19,163.5,181.0651818,NA,NA,NA
"267","SMC02902",-46.5,0.00065835,0.001,-4.29e-06,-0.5,49.624501,-1,21,-0.007,-0.008,-21.5,148.5,19.97936458,1,21.35410376,-9
"268","SMC02972",2,0.01,0,0.004729492,0,0,0,0,0.13,0,0,-4,0,NA,NA,NA
"269","SMC02984",-69,0,-0.34,-0.176149858,-81,19.66158333,20,29.5,0.0254,-0.7,-78,-21,57.56727667,NA,NA,NA
"270","SMC03011",-4.5,0.020375,0.054874998,6.99e-06,-71.5,-4.771105835,48.5,107.5,0.012997917,0.745229158,-31,-20.5,29.20895325,NA,NA,NA
"271","SMC03216",0,-0.008749667,-0.007116733,5.65e-06,0.5,-0.0085,0,0,-0.0074335,-0.00551025,0,0,-0.017180159,NA,NA,NA
"272","SMC03268",-123,-0.2535,-0.095408133,-2.89e-05,-78.5,299.3909567,-138,-13.5,-0.790154167,-0.827956667,19,162.5,354.15856,NA,NA,NA
"273","SMC03280",0,-0.0065835,-0.013020833,1.05e-06,-1,-0.008353833,0,-1,-0.0065666,-0.0076045,0,-3,-0.007545,-7,2.524530303,0
"274","SMC03438",-3,0,-0.32,-0.263927498,-46,-0.719625,-5,-6,-0.288541667,0.0153125,-5,-13,1.185333333,NA,NA,NA
"275","SMC03523",-7,0.004572918,0,1.23e-05,-58.5,3.402833335,68,102,0,-2.788906084,-28,-49,32.00198773,-8,-2.406518266,-63
"276","SMC03944",-2,0,0.142833333,-0.57352834,-77,0.3988333,-1,19,-2.76,-0.7,-61,-12,1.771046667,NA,NA,NA
"277","SMC03984",0,-0.0060835,-0.003887834,-7.74e-07,0,-0.00675,0,0,-0.002858567,-0.021479499,0,0,-0.002492393,0,0.008771595,0
"278","SMC04000",-1,-0.0002917,-0.000591647,-2.34e-06,0,-0.001375,0,0,-0.000545833,-0.000302075,0,0,-0.000444883,NA,NA,NA
"279","SMC04008",-44,0.066791665,0.5992875,7.24e-07,-49.5,61.40249754,26,43.5,-77.81189584,-8.4617708,-15.5,-48,90.92531411,0,101.5073783,-61
"280","SMC04134",0,0,0,-0.003189415,0,1583.94635,0,0,0,459.5721667,0,NA,881.5086173,NA,NA,NA
"281","SMC04175",-49,-0.004344999,-0.032348582,1.73e-07,-5,12.47142085,0,-1,0.042985416,-0.003562501,-8,0,5.148842312,NA,NA,NA
"282","SMC04204",-9,-0.02,-0.62,-0.003481314,-0.5,0.00666665,0,0,-0.484,0,-32,-25.5,0.003560417,NA,NA,NA
"283","SMC04239",-24,0.129394999,0.008274987,3.25e-08,-3,33.0612705,0,0,0.130095,-0.090020834,0,-150,10.12632393,NA,NA,NA
"284","SMC04264",-10.5,0.014937498,0.121033333,6.71e-07,-53.5,16.00233333,-3,54,-9e-04,-0.92827084,-19.5,9,29.22904727,NA,NA,NA
"285","SMC04294",-19,-0.03733335,-0.077,-3.25e-07,0.5,78.2297325,21,74.5,-0.021433333,-0.038062483,-29.5,-4,34.67317291,0,23.63697662,-9
"286","SMC04308",-192,0,-6.309707,3.96e-07,-123,78.94698085,-1,35.5,-0.157872932,-0.134322917,-24.5,47,43.14431462,NA,NA,NA
"287","SMC04383",-1,-0.000510417,-8e-04,3.89e-07,0,-0.000708166,0,0,0.017154117,0.008083167,0,0,-0.000719988,NA,NA,NA
"288","SMC04426",0,-0.003625333,-0.004137234,-3.04e-06,0,-0.004041333,0,0,-0.003910417,-0.009874834,-2,0,-0.003666665,NA,NA,NA
"289","SMC04682",-2,-0.001,-0.0019625,-9.5e-08,-2,-0.004375,0,1.5,0,-0.001,-1.5,NA,-6e-05,NA,NA,NA
"290","SMC04748",-61,0.06,-0.51,0.037062937,-91,78.48758333,9,-41,-0.37,0.1,-9.5,43.5,159.7410517,NA,NA,NA
"291","SMC04749",-35,0.001041667,0.006,9.59e-06,-1,35.64079999,-1,24,-0.03899585,-0.010135417,-24,84.5,22.6038275,-6,-18.74449928,-12
"292","SMC04750",-12,0,0.205345854,-0.325279556,-40,0.239166667,-4,21,-0.47554167,-0.516791667,-43,-19,1.8957,NA,NA,NA
"293","SMC04756",-123,-0.0777085,0.0082623,-3.45e-05,-75,89.90295867,-142,-14,-0.339370834,-0.313333,4.5,166,185.098948,NA,NA,NA
"294","SMC04806",18,0.000666667,0.580247917,0.000236068,-22,36.83958333,62,139,0,0.207502084,-38,-127,82.16994836,-2,57.25464754,-27
"295","SMC04880",-10,0,0,-1.76e-07,-41,-8.3e-05,0,-2,0,0,0,-9,-8.35e-05,NA,NA,NA
"296","SMC05146",0,-0.126645817,-0.03998749,1.02e-06,0,-0.016898499,0,-0.5,0.031633367,-0.07145835,0.5,0,-0.006556667,NA,NA,NA
"297","SMC05199",-2,-0.002427082,-0.105071749,3.61e-09,0,15.57106255,0,0,0.010395833,-0.010416833,-13,-2.5,5.206833012,NA,NA,NA
"298","SMC05230",-81,-5.437542918,-1.981438669,-7.81e-06,-16,1512.185106,-4,16,-2.96606667,-0.64808333,-76,137,2506.961838,NA,NA,NA
"299","SMC05296",0,0.17007275,0.057322932,-4.62e-07,0,-0.3873458,0,0,-0.20161664,-0.7736917,-1,-8,2.580463388,0.5,-32.65861714,-30.5
"300","SMC05402",-4,-0.09552,-0.022504167,0.000128965,-3,1.28749833,-1,-6,-0.11750083,-0.15375167,-3,-80,1.543233788,-1,15.4036434,-2
"301","SMC05702",-186,0.00095,0.009662583,-2.77e-05,37.5,60.73770833,-1,26.5,-0.0115,-0.009479167,-6,156.5,12.13305512,1,67.03982588,-8
"302","SMC05759",-7.5,1.697343835,0.46151248,1.38e-09,-10,123.6225333,0,0,-0.54453717,-0.062499667,-15,0,117.9429167,NA,NA,NA
"303","SMC05902",-8,0.01325,0.059564585,2.76e-06,-27,2.10812833,36,45,0,-6.9709375,-40,10.5,3.94201358,-4.5,11.50520892,-14.5
"304","SMC05956",-126.5,-0.191833333,-0.200275,-2.87e-05,-52,236.2117917,-135,-62.5,-0.3609252,-0.398083333,23,163,165.2646819,NA,NA,NA
"305","SMC06079",0,-0.002645917,-0.008208267,6.28e-06,0,0.53529165,0,0,0.003708335,-0.0025833,0,0,0.548470601,-13,3.404926536,0
"306","SMC06216",-1,-0.098169165,-0.104006836,1.72e-06,-1,0.67400167,-1,-2,-0.10946167,-0.1475,-5,-4,-0.064423332,0,23.36395451,-1
"307","SMC06298",-1,0.006395834,0.005858333,2.83e-06,0,-0.006958,-0.5,-0.5,0,0.009729167,0,NA,-0.001014562,NA,NA,NA
"308","SMC06302",-17.5,0.024708332,0,3.23e-06,-60.5,100.2678959,37.5,2,-15.44361667,-6.601208335,-24,-7,105.1976075,-11,28.43669561,-54
"309","SMC06356",-196,0,-6.4536935,0,-158,78.32266665,0,35,-0.162239572,-0.136406275,-24.5,43,43.87546667,NA,NA,NA
"310","SMC06467",0,0.001302092,0.000631258,-3.74e-07,0,-0.01183333,0,-1,-0.000354167,-0.030145867,-1,-0.5,-0.00011,NA,NA,NA
"311","SMC06740",-8,5e-04,0.000577083,3.93e-06,-49.5,9.28258367,42.5,72,0,-0.063479167,-26,-40,26.63056366,10,-0.871462928,-27
"312","SMC06794",0,-0.086375017,-0.027608167,-1.35e-06,0,-0.019875831,0,2,0.000566676,-0.118458334,-2,-3,-0.006458434,NA,NA,NA
"313","SMC06863",0,-0.000958,-0.005745966,-2.7e-07,0,-0.007354,0,0,0.006450003,0,0,0,0,0,0.642167001,0
"314","SMC06918",35,-0.05509375,-0.082222917,0.001304973,-7,61.08614567,37,55,-0.036,-0.048,-23,-85,34.91916459,NA,NA,NA
"315","SMC06926",0.5,0,0,-4.31e-05,0.5,8.82158585,0,3,0,0,-3,0,2.346040774,NA,NA,NA
"316","SMC07126",-59,0,0.542245833,-0.211000496,-24,66.7867167,35,64,-2.069220833,-0.7,-30,-50,168.6657916,NA,NA,NA
"317","SMC08094",26,-0.1520833,-0.148383353,-0.000681442,-163,20.79877333,-2,37,-0.115058342,-0.1630729,-18,-39.5,23.65293912,NA,NA,NA
"318","SMC08150",-64,-8.019187833,0.001,-2.55e-06,-2,104.293045,0,21,-0.0367998,0,-21,80,70.94682258,1,-732.4538539,-7
"319","SMC08335",0,0,0,-3.7e-05,0,6.9953333,0,0,0,0.01725,-10,NA,2.105686712,NA,NA,NA
"320","SMC08540",-52,0.467875001,0.242759,1.54e-05,-11,5.537775,0,0,0.02891253,0.103145834,0,-14.5,7.820874869,0,60.28661538,-1
"321","SMC08655",0,-0.004312667,-0.006377083,1.33e-06,0,-0.02353667,0,0,-0.0034002,-0.005500333,0,0,0.120913932,0.5,0.305529461,0
"322","SMC08766",-330,-3.74470833,-5.479914669,9.67e-08,-86,493.6106879,-2,53.5,-5.268430833,-6.227885415,-15,-101,1093.882347,NA,NA,NA
"323","SMC08845",-5,0,0.108,-0.080658779,-20,0.072125,-1,-20,0.15,0.399,14,5,0,NA,NA,NA
"324","SMC09118",25.5,-0.2077917,-0.207825,-0.000815189,-4.5,32.61445667,13,41.5,-0.1991771,-0.231874984,-22.5,-44,36.87780042,NA,NA,NA
"325","SMC09286",-70,-2.20381583,0.001,6.22e-08,-3,220.4600417,46,64,-0.013739567,0.000375,-29.5,-3,126.3550667,NA,NA,NA
"326","SMC09503",-1,-0.033624666,-0.00102075,-2.1e-07,0,-0.000916833,0,0,0.020320734,0.011937667,0,0,-0.000693453,NA,NA,NA
"327","SMC09534",-78,-25.96952167,0.0015,8.45e-07,76,537.9315003,0,67,-0.059833353,-0.016708333,-26.5,151,813.8079617,NA,NA,NA
"328","SMC09564",-59,0,0.334,-0.016001826,-88,77.06833333,-7,10.5,-0.37,0.1,-11,17,146.8516783,NA,NA,NA
"329","SMC10685",-68,0,1.434991667,-0.156449408,-21,625.7417917,-9.5,-53,-2.76,-3.646791667,-31.5,-62.5,498.7575268,NA,NA,NA
"330","SMC11343",-4,0.49210417,0.830532334,8.8e-05,-3,26.043125,0,0,0.041622942,0.002301917,0,-98,8.36879688,-5,89.29076413,0
"331","SMC11384",-53,0,-0.174891667,-0.742401387,-57,-1.122583333,-1,-6,0.04045,-0.110458333,-14,-75,0.211755,NA,NA,NA
"332","SMC11727",0,-0.006989579,-0.012181412,1.72e-07,0,-0.014545,0,0,-0.004546,-0.025184915,0,0,-0.011224868,0.5,1.484804145,0
"333","SMC12814",-53,0,0.336708334,-0.696270454,-56,0.229333333,0,0,-2.056654167,0.2,-2,-61,0.04575625,NA,NA,NA
"334","SMC12862",-182,-4.371295,-7.697631,-0.00030542,-119,270.8748335,0,19,-4.119371418,-11.150915,-13,-187,638.8913718,NA,NA,NA
"335","SMC13062",34,-0.089270825,-0.12724375,2.24e-05,-1,71.83441667,32,61,-0.0529125,-0.071458334,-22,-87,43.06966333,NA,NA,NA
"336","SMC13214",36.5,0.012075,59.53682094,0.050250578,36.5,2295.098815,-0.5,12.5,0.427433333,-88.37151875,-13,-77.5,1941.461443,NA,NA,NA
"337","SMC13599",0,-0.000645833,-0.000968666,-3.95e-07,0,-0.000833167,0,0,0.017750183,0.008375016,0,0,-0.00064,NA,NA,NA
"338","SMC13630",-167,-0.873637083,0.194168749,-5.97e-08,-11,398.66825,34,70.5,-1.271975,-5.83567,-35,126,936.6080082,NA,NA,NA
"339","SMC14099",-30,0.001,0,3.93e-05,-69,10.47504167,48,76,0,-0.238864592,-29,-43,25.38864166,NA,NA,NA
"340","SMC15678",-164,0.00095,0.0102875,-6.82e-07,81,431.0257117,-1,79,-0.0404875,-0.018520834,-9,197.5,243.677565,NA,NA,NA
"341","SMC16446",-5,0.15275,0.0230437,2.09e-08,-10,11.44441835,0,-1,0.030425,0.368375,-1.5,0,4.018279383,NA,NA,NA
"342","SMC16832",-143,-2.22314583,0.615379,-3.38e-08,13.5,792.778585,-1,64.5,-4.3357165,-3.7790525,-58,-0.5,1141.732276,NA,NA,NA
"343","SMC16980",-18,0.027479167,0.009,2.56e-08,-62,11.49261002,0,0,0,0.008114583,-11,9.5,0.924644417,NA,NA,NA
"344","SMC17056",-34,-0.04,-1.5,0.000683877,-38,83.06683333,0,0,0.03,0.1,-8,-136,118.0550019,NA,NA,NA
"345","SMC17692",-61,0.01,-0.51,0.059065392,-86,115.4729167,-23,-42,-0.37,0.1,-10.5,43.5,152.307505,NA,NA,NA
"346","SMC18545",0,-0.00197917,-0.00263167,-1.31e-07,0,-0.00279167,0,0,0.00231665,0,0,0,-0.002834532,0,0.068647868,0
"347","SMC19697",0,0,0,-2.87e-05,0,7.7908334,0,1,0,0.019958333,-1,NA,9.14745,NA,NA,NA
"348","SMC19809",0,-0.00040625,-0.000702083,1.62e-07,0,-0.000708,0,0,0.019845834,0.011666667,0,0,-0.00079188,NA,NA,NA
"349","SMC19945",0,-0.00407275,-0.005610417,3.12e-06,0,-0.02025,0,0,-0.003,-0.004875,0,0,0.005129324,0,0.330170978,0
"350","SMC20032",-143,-2.039045,0.293324733,4.29e-07,13,766.84773,-1,62.5,-4.260507415,-4.215282915,-30.5,24.5,1055.868288,NA,NA,NA
"351","SMC20092",-61,0.06,-0.51,0.012515017,-93,77.76604167,9,9.5,-0.37,0.1,-11.5,43.5,142.2535833,NA,NA,NA
"352","SMC20994",-12,0,0.43,-0.021846809,-81,1.490375,9,30.5,-0.02,-2.493125,-6,-187,4.105810416,NA,NA,NA
"353","SMC21382",-61,0.06,-0.51,0.018176791,-68,103.968125,-15,8,0.03,0.1,-9.5,46.5,158.02106,NA,NA,NA
"354","SMC21796",-18,0.183854167,2.416225,3.65e-06,-70,828.9967517,43.5,102.5,-0.0014,-50.33238542,-64,-63,934.5637953,-15.5,1051.138646,-34
"355","SMC21822",71,0.019816667,16.43483334,0.067529467,71,1160.85721,0,34,2.102025,-899.424375,-9,-6,1288.984182,7,1740.987109,-12
"356","SMC24222",44,0.018608333,15.72552083,0.052182367,44,1292.90796,0,33,2.115191667,-82.085125,-9,-7,1170.514641,NA,NA,NA
"357","SMC29064",-4,0,0,-4.2e-06,-4,0,0,0,0,0,0,-1,-5.35e-05,NA,NA,NA
"358","SMC32897",NA,0,0,0.387865605,NA,NA,NA,NA,-0.0015,-0.001,NA,NA,0.595521875,NA,NA,NA
"359","SMC34888",-1,0.006354166,0,5.32e-07,0,-0.07075,-1,-1,0,0,-5,-4,-0.002800817,NA,NA,NA
"360","SMC35837",0,-0.002468933,-0.004473333,3.65e-06,0,1.3522925,0,0,-0.000999998,-0.010250334,0,0.5,0.034052012,NA,NA,NA
"361","SMC40887",-6,-0.575530333,-0.573190802,-2.45e-06,-25,188.18277,-80,7.5,-2.306597084,-0.7018575,-0.5,-101,80.60750497,NA,NA,NA
"362","SMCR8_007",0,-0.0020625,-0.0023125,-3.24e-07,0,-0.01104167,0,0,0,-0.001020833,0,0,-0.00230395,NA,NA,NA
"363","SMCR8_011",50.5,-0.040416667,-0.05920834,4.7e-06,51.5,5.3893583,0,22,-0.024414583,-0.025041634,-19,-42,3.174437441,0,26.27324381,-2
"364","SMCR8_012",-13,0,0.200525,-0.57677404,-77,0.461458333,-13,24,-2.032783334,-0.699979167,-36,-94,1.846301667,NA,NA,NA
"365","SMCR8_019",-10,0.06,0.005666667,-0.30445126,-8,-1.89375,0,-1,0.03,0.1,0,-17,0.1,-4,0.169253087,0
"366","SMCR8_020",0,0,9.99e-08,5.68e-08,0,0,0,0,6.25e-05,0.000895833,0,0,0,NA,NA,NA
"367","SMCR8_025",-2,0,-1.33e-07,-2.88e-07,-3,0,0,-2,0,0,0,-1,0,NA,NA,NA
"368","SMCR8_028",12,0.1,0.1,-0.02,12,0,0,-1,0,0,1,1,0,NA,NA,NA
"369","SMCR8_034",0,0,0,-1.96e-05,0,0.2760708,0,0,0,0,0,0,0.00523229,NA,NA,NA
"370","SMCR8_035",-12,0,0,-3.84e-06,-12,0,0,0,0,0,0,-1,-1.45e-05,NA,NA,NA
"371","SMCR8_042",-93,-0.65208325,-0.450243533,-0.000112636,-120,86.8766875,-27,-5.5,-0.702896,-0.841322833,27,148.5,142.4868616,NA,NA,NA
"372","SMCR8_046",-5,0.001291675,0.000179175,2.55e-06,0,-5e-04,0,-1,-0.000483334,-0.030166667,-1,-0.5,-0.000127117,NA,NA,NA
"373","SMCR8_048",-104,-0.106770833,-0.069,0.000120634,-109,15.31825,66.5,148,-0.08935625,-0.145020817,11,132,24.36232812,NA,NA,NA
"374","SMCR8_057",0,0,0,0,0,8.35e-07,0,0,0,0,0,0,0,NA,NA,NA
"375","SMCR8_062",12,0.1,0.1,-0.02,12,0,0,-1,0,0,1,1,0,NA,NA,NA
"376","SMCR8_069",0,0,0,0,0,0,0,0,0,0,0,0,-1.2e-07,NA,NA,NA
"377","SMCR8_070",0,-0.001041666,-0.001633533,-3.83e-07,-1,-0.002124667,0,-1,-0.002271067,-0.002166333,0,0,-0.002453333,0.5,0.091307055,0
"378","SMCR8_071",-1,0.006625033,0.00517917,3.28e-06,-8,0.407875,0,0,-7.5e-05,-0.0006875,-2,-2,0.197698881,2,5.538314145,0
"379","SMCR8_074",-41,0,0,-6.56e-06,-46,0,0,0,0,0,0,-2,0,NA,NA,NA
"380","SMCR8_080",-7,0,0,-7.24e-08,-8,0,1,0,0,0,0,-15,0,NA,NA,NA
"381","SMCR8_105",-1,-0.0154583,-0.006020867,-1.22e-06,0,-0.019833167,-0.5,0.5,0.011410409,0.001,-1,NA,-0.004098286,NA,NA,NA
"382","SMCR8_106",-7,0,0,-1.11e-07,-8,0,1,1,0,0,0,-6,0,NA,NA,NA
"383","SMCR8_118",0,0.009604167,0.003845818,6.58e-06,0,-0.17469,0,0,-0.013760417,0.004291667,0,NA,-0.00588585,NA,NA,NA
"384","SMCR8_142",0,0.036395833,0.07195,2.14e-07,0,-0.08447667,0,0,0,-0.256749995,-9,-39,0.001795842,NA,NA,NA
"385","SMCR8_147",-1,0,0,-0.000478732,-5,0,0,0,0,0,0,-5,0,NA,NA,NA
"386","SMCR8_149",-1,0.0118125,-0.129,5.34e-08,-1,0.256958333,0,-3,-0.000137497,-0.00904167,-2,-4,-0.034410213,1,2.118054427,-9
"387","SMCR8_151",-69,0,1.385666667,-0.137497039,40.5,756.3764167,-9.5,-53,-0.7,-224.5625835,-32.5,-59,643.7305233,NA,NA,NA
"388","SMCR8_153",22,0.008954167,0.8030125,-0.20539748,-9,168.3885,20.5,62,-8.75566661,0.98125,-30,-48,323.8086383,NA,NA,NA
"389","SMCR8_155",-6,0,0,-0.002431777,-7,0,0,-1,0,0,0,-1,0,NA,NA,NA
"390","SMCR8_160",0,-0.030358335,-0.01006225,6.98e-07,0,-0.05625,0,0,-0.05375,-0.12163,-1,-2,-0.0718256,15,14.79733979,-1
"391","SMCR8_162",-51,0,1.7799,-0.04568024,-78,108.0442917,28,31,-1.993241667,-232.4332915,-30,-59,270.2639083,NA,NA,NA
"392","SMCR8_163",0,0,0,-1.68e-09,-2,0,0,0,0,0,0,-4,0,NA,NA,NA
"393","SMCR8_172",-4,0,0,0,-8,0,0,-3,0,0,-1,-1,0,NA,NA,NA
"394","SMCR8_203",-1,0,0,-0.000453966,-3,0,0,-6,0,0,0,-3,0,NA,NA,NA
"395","SMCR8_218",0,-0.00064585,-0.001093733,-4.76e-06,0,-0.004291666,0,-3,-0.027233333,-0.001833334,-1,-2,-0.001185428,-3.5,0.190942606,0
"396","SMCR8_219",0,0,0,-0.0005267,-1,0,0,0,0,0,-1,-9,0,NA,NA,NA
"397","SMCR8_267",0,-0.000645834,-0.002,-1.01e-05,0,-0.006791333,0,0,-0.001250033,-0.001416666,-1,-9,-0.004502083,NA,NA,NA
"398","SMCR8_270",11,0.09975,0.09855,-0.02,-31,0,0,-1,0,0,1,1,0,NA,NA,NA
"399","SMCR8_272",0,0,0,0,-1,0,0,0,0,0,-1,-6,0,NA,NA,NA
"400","SMCR8_346",0,0.0020106,-0.00742917,4.93e-06,-1,-0.018584331,0,1,-0.0014,0.0001875,-4,-4,-0.00703012,NA,NA,NA
"401","SMCR8_351",42,0,0,-0.231991447,42,147.97279,0,7,0,43.818775,-7,-6,925.2119576,NA,NA,NA
"402","SMCR8_362",-1,0.008302242,0.002529159,3.33e-06,-0.5,-0.09631417,0,1,-0.001208367,0.000125033,-1,-0.5,-0.0013333,NA,NA,NA
"403","SMCR8_370",-1,-0.002,-0.002871167,5.91e-06,-1,-0.006,-1,-3,-0.001733367,-0.0063125,0,-2,-0.006593534,NA,NA,NA
"404","SMCR8_375",0,0,0,0,-1,0,0,0,0,0,-1,-2,0,NA,NA,NA
"405","SMCR8_419",0,-0.001052083,-0.001572917,-1.06e-06,0,-0.006458333,-1,0,-0.0005125,-0.0006875,-3,1,-0.001489584,NA,NA,NA
"406","SMCR8_446",-2,-0.00565625,-0.002516533,5.41e-05,-1,0.057791333,-1,-4,-0.005675,-0.001,-8,-7,0.016505917,NA,NA,NA
"407","SMCR8_453",0,-0.0043645,-0.001754166,2.21e-06,0,1.08272915,0,0,-0.005333336,-0.02601833,0,0.5,0.514095836,NA,NA,NA
"408","SMCR8_474",-1,0,0,-0.002761041,-2,0,1,-1,0,0,-1,-1,0,NA,NA,NA
"409","SMCR8_480",37,0,0.00045,2.36e-06,-57,504.544075,48,69,0.000283334,-4.72374626,-13,-6,827.1588836,NA,NA,NA
"410","SMCR8_496",0,0,0,0,-1,0,0,-1,0,0,0,-1,0,NA,NA,NA
"411","SMCR8_513",-13,-5e-04,0,-4.36e-06,-6.5,-0.014666666,0,-2,0,-0.002166667,2,NA,-9.48e-05,NA,NA,NA
"412","SMCR8_528",73,0.019025,14.993625,0.051240006,73,1238.00008,0,34,2.103733333,-493.569125,-9,-7,1164.237317,NA,NA,NA
"413","SMCR8_530",12,0.1,0.1,-0.02,12,0,0,-2,0,0,2,2,0,NA,NA,NA
"414","SMCR8_543",-38,0,0,-0.000398429,-38,0,0,-3,0,0,-1,-6,0,NA,NA,NA
"415","SMCR8_587",0,0.111229165,0.010107168,8.03e-06,0,2.16912333,0,0,0.054562,0.38875,-2,-3,0.554961667,NA,NA,NA
"416","SMCR8_605",0,0.0015625,-0.0008125,6.05e-06,-1,-0.012062667,0,-1,-0.001439587,0.0024479,-5,-2.5,-0.005805191,NA,NA,NA
"417","SMCR8_635",-2,0,0,-0.056231003,-6,0,0,-1,0,0,-1,-3,0,NA,NA,NA
"418","SMCR8_688",0,-0.000781267,-0.000504157,9.65e-07,0,-0.011416667,0,-1,-0.00015,-0.009125,0,0.5,-0.000375033,NA,NA,NA
"419","SMCR8_713",-1,0,0,-0.005521972,-1.5,0,1,-0.5,0,0,-1,3,0,NA,NA,NA
